"partyUid","generatedIds"
"00047CA1-7535-11e7-AC76-005056941015","[5f10a569-8427-48b0-895c-d2b5825eef4f]"
"00055700-D94C-11e5-92F2-005056941ADA","[90b40a10-f029-4c4f-ab98-e5d66dc11226]"
"00055701-D94C-11e5-92F2-005056941ADA","[129e087c-0fea-4eaf-9d42-40c4d1b91cbb]"
"00055702-D94C-11e5-92F2-005056941ADA","[e0226296-3b43-41df-9ca5-eac1f1a1d421, 3c9256b2-c080-4550-b712-df0be4de3d3b]"
"00055703-D94C-11e5-92F2-005056941ADA","[66899e9d-be31-4aca-a868-d675e5ff9706, 11205eb1-9dbf-4a62-b485-ec13c0bfdfb8]"
"00055704-D94C-11e5-92F2-005056941ADA","[fd580cb6-e9c0-4995-83f3-b6cbe7d21089, d70226db-14b2-498d-bd17-2707bda199b5]"
"00055706-D94C-11e5-92F2-005056941ADA","[4d92bac3-6981-421c-b0a8-99e54edb55bc, 379db77c-e09a-448a-9585-b5e615485717]"
"00055707-D94C-11e5-92F2-005056941ADA","[]"
"00055708-D94C-11e5-92F2-005056941ADA","[4c17f83d-da3b-42aa-88c9-f82074e0e965]"
"00055709-D94C-11e5-92F2-005056941ADA","[b482dc06-3fad-436b-95ac-a64e68743e69]"
"0005570A-D94C-11e5-92F2-005056941ADA","[18967949-05e6-427f-9240-a745da7d4d6b]"
"0005570B-D94C-11e5-92F2-005056941ADA","[14459262-7988-48ba-b67e-fbf458b8a6ba]"
"0005570C-D94C-11e5-92F2-005056941ADA","[3045d243-b76d-481c-8871-1d6f948619a9]"
"0005570D-D94C-11e5-92F2-005056941ADA","[83ce9341-49d8-43cf-807b-4bf90695d42d]"
"0005570E-D94C-11e5-92F2-005056941ADA","[fe3abcf6-f588-4c0e-86db-685d0b38e484]"
"0005570F-D94C-11e5-92F2-005056941ADA","[ad7de8c8-67e9-483d-aa02-c8e11b4ee470]"
"00055710-D94C-11e5-92F2-005056941ADA","[9b6475a8-ae33-4dcf-9c45-680a01d2a7db]"
"00055711-D94C-11e5-92F2-005056941ADA","[9e674382-ca0c-41df-b33e-3624360cc5df]"
"00055712-D94C-11e5-92F2-005056941ADA","[78d8e17c-fccb-4f3f-aa14-5044a91c1e9c, 65b698df-d731-4f89-9733-5aebf3460c85, cef2ba6a-f11a-4b28-8abe-1e5681e7fa76, 7b4bb3da-a35f-44ec-bf6f-babd6aed8108]"
"00055713-D94C-11e5-92F2-005056941ADA","[7ec109b6-b350-4313-9626-fc7a177a004d, bc938cfd-451d-4b0f-8b0f-fc3e843c450b, ae74353d-0f0e-4ff0-a172-d2acfd518f04]"
